lb,inst_lumi_ub_s,collbunches,mu
1,0.353471,900,0.002794099105775406
2,0.353102,900,0.002791182253841214
3,0.354672,1044,0.002416890265405314
4,0.356078,1044,0.002426471364880773
5,0.354952,1044,0.002418798307975107
6,0.354905,1188,0.0021253291773522987
7,0.355308,1188,0.002127742520806105
8,0.354884,1296,0.0019481031350010154
9,0.355065,1296,0.0019490967178828452
10,0.355297,1404,0.00180034177899896
11,0.356195,1404,0.0018048920761237345
12,0.355648,1548,0.0016344812451816082
13,0.355789,1548,0.001635129250668974
14,0.356603,1548,0.0016388702185180205
15,0.356287,1692,0.0014980632316753334
16,0.357224,1836,0.001384198835405908
17,0.358071,1836,0.001387480855688948
18,0.357159,1908,0.001331722554538565
19,0.357373,2016,0.0012611354605574258
20,0.357896,2016,0.0012629810780099798
21,0.358297,2016,0.0012643961690204464
22,0.358624,2016,0.0012655501210414504
23,0.358251,2016,0.0012642338393783479
24,0.358473,2160,0.001180682772590287
25,0.359195,2160,0.0011830607842168534
26,0.358289,2160,0.001180076741926453
27,0.358264,2160,0.0011799944008036496
28,0.358715,2160,0.0011814798346590255
29,0.358818,2160,0.001181819080084976
30,0.359332,2304,0.0011095425127217035
31,0.35985,2448,0.0010457806955596824
32,0.359733,2448,0.0010454406751584583
33,0.359936,2448,0.0010460306250853683
34,0.360668,2448,0.0010481579322109754
35,0.360967,2448,0.0010490268732363257
36,0.361328,2448,0.0010500759960127522
37,0.261848,2448,0.0007609714702540272
38,0.265154,2448,0.0007705792262065639
39,0.268715,2448,0.0007809280522643325
40,0.267814,2448,0.0007783096045591794
41,0.270121,2448,0.0007850141093935722
42,0.273534,2448,0.0007949328241745786
43,0.274193,2448,0.0007968479818190801
44,0.279506,2448,0.0008122883954233835
45,0.286809,2448,0.0008335120620057715
46,0.292352,2448,0.0008496208917834216
47,0.295355,2448,0.000858348082081506
48,0.300469,2448,0.000873210170388001
49,0.309078,2448,0.000898229278372087
50,0.318105,2448,0.0009244631600972982
51,0.325342,2448,0.0009454950202995086
52,0.332084,2448,0.0009650883326503864
53,0.329412,2448,0.0009573230804104654
54,0.336092,2448,0.0009767362110102674
55,0.344384,2448,0.0010008340671380455
56,0.352696,2448,0.0010249900464113317
57,0.360334,2448,0.0010471872756809852
58,0.368568,2448,0.0010711165746867888
59,0.377346,2448,0.0010966268232504208
60,0.387698,2448,0.0011267113633655625
61,0.400204,2448,0.001163055766251958
62,0.412238,2448,0.0011980284629043555
63,0.415425,2448,0.001207290386141117
64,0.41468,2448,0.0012051252989709299
65,0.413587,2448,0.0012019488690688963
66,0.414171,2448,0.0012036460649177412
67,0.413271,2448,0.0012010305233698638
68,0.41456,2448,0.0012047765600978792
69,0.416939,2448,0.0012116903082561024
70,0.416533,2448,0.001210510408402282
71,0.415743,2448,0.0012082145441547007
72,0.421176,2448,0.0012240036966320543
73,0.447866,2448,0.0013015690343129989
74,0.458784,2448,0.0013332984594460284
75,0.464371,2448,0.0013495351601437967
76,0.481156,2448,0.001398315010011712
77,0.47333,2448,0.0013755714231742794
78,0.455849,2448,0.0013247688878426723
79,0.453693,2448,0.001318503212756868
80,0.454637,2448,0.001321246625224864
81,804.963,2448,2.3393490788934517
82,17561.4,2448,51.036190376550806
83,16772.7,2448,48.74410413342749
84,16499.8,2448,47.95101381296553
85,16191.7,2448,47.055626756408806
86,16789.0,2448,48.79147449701683
87,17409.6,2448,50.59503570214212
88,17396.3,2448,50.55638381037905
89,17390.0,2448,50.53807501954391
90,17377.4,2448,50.50145743787363
91,17367.9,2448,50.47384894375715
92,17356.5,2448,50.440718750817354
93,17342.5,2448,50.400032548961484
94,17331.5,2448,50.36806481893186
95,17323.2,2448,50.34394371354589
96,17317.0,2448,50.32592553843829
97,17308.9,2448,50.30238566450739
98,17285.2,2448,50.23350973707995
99,17235.3,2448,50.08849248903652
100,17203.9,2448,49.99723915058835
101,17202.3,2448,49.99258929894768
102,17624.7,2448,51.22015013208485
103,18014.4,2448,52.35267962231581
104,18192.9,2448,52.871428695978175
105,18676.8,2448,54.27771820155363
106,18913.6,2448,54.965896244372956
107,19038.7,2448,55.32945651952793
108,19303.3,2448,56.09842573460391
109,19423.2,2448,56.446873991926694
110,19407.0,2448,56.3997942440649
111,19394.7,2448,56.364048509577245
112,19368.7,2448,56.288488420416336
113,18537.5,2448,53.8728904930877
114,16232.0,2448,47.17274489460821
115,17978.7,2448,52.24892980758332
116,20457.3,2448,59.45213123043793
117,21565.3,2448,62.67215349160266
118,21552.1,2448,62.63379221556712
119,21491.7,2448,62.4582603161318
120,21444.4,2448,62.32079907700446
121,21392.2,2448,62.169097667227554
122,21353.7,2448,62.05721061212391
123,21335.6,2448,62.004609165438815
124,21266.8,2448,61.80466554488996
125,21202.6,2448,61.61809024780802
126,21230.3,2448,61.69859080433715
127,21164.6,2448,61.50765627134209
128,21180.8,2448,61.55473601920388
129,21560.1,2448,62.65704147377047
130,21722.2,2448,63.128129568115966
131,21588.1,2448,62.738413877482216
132,21444.8,2448,62.32196153991462
133,21332.0,2448,61.994146999247306
134,21236.5,2448,61.71660897944475
135,21198.2,2448,61.605303155796186
136,21380.6,2448,62.13538624283268
137,21308.8,2448,61.92672415045757
138,21188.9,2448,61.57827589313479
139,21136.9,2448,61.427155714812976
140,21339.3,2448,62.01536194735786
141,21324.5,2448,61.97235081968166
142,21222.1,2448,61.6747603146787
143,21523.2,2448,62.5498042703075
144,21471.3,2448,62.39897470771323
145,21360.9,2448,62.07813494450693
146,21367.5,2448,62.09731558252469
147,21199.2,2448,61.608209313071605
148,21174.7,2448,61.53700845982383
149,21202.5,2448,61.61779963208049
150,21432.2,2448,62.28534395824434
151,21359.7,2448,62.07464755577642
152,21702.4,2448,63.07058765406266
153,21709.9,2448,63.09238383362831
154,21642.1,2448,62.89534637035487
155,21520.5,2448,62.54195764566386
156,21444.2,2448,62.32021784554937
157,21327.3,2448,61.980488060052835
158,21693.6,2448,63.045013470038974
159,21591.3,2448,62.747713580763566
160,21486.2,2448,62.44227645111698
161,21429.6,2448,62.277787949328236
162,21357.5,2448,62.06825400977051
163,21519.6,2448,62.53934210411598
164,21486.9,2448,62.444310761209785
165,21446.2,2448,62.3260301601002
166,21544.7,2448,62.61228665172903
167,21894.0,2448,63.62740738803301
168,22232.3,2448,64.61056039430741
169,22104.1,2448,64.23799103159865
170,21647.3,2448,62.910458388187045
171,21827.9,2448,63.43531039212781
172,21868.4,2448,63.553009761782285
173,21737.2,2448,63.17172192724726
174,21649.1,2448,62.915689471282796
175,21826.6,2448,63.431532387669755
176,21726.2,2448,63.139754197217655
177,21671.3,2448,62.98020616279712
178,21739.7,2448,63.17898732043581
179,21704.1,2448,63.075528121430864
180,21676.6,2448,62.995608796356834
181,21926.0,2448,63.720404420846435
182,21847.0,2448,63.49081799608831
183,21782.9,2448,63.30453331473392
184,21721.3,2448,63.12551402656809
185,21753.3,2448,63.21851105938151
186,21827.6,2448,63.434438544945166
187,21715.2,2448,63.10778646718803
188,21703.3,2448,63.07320319561054
189,21897.2,2448,63.63670709131438
190,21832.5,2448,63.44867871559473
191,21957.8,2448,63.812820222204785
192,21870.7,2448,63.55969392351575
193,22057.0,2448,64.10111102392639
194,21929.8,2448,63.73144781849304
195,21979.1,2448,63.874721372171216
196,21894.9,2448,63.6300229295809
197,21863.5,2448,63.53876959113273
198,22015.6,2448,63.98079611272403
199,21883.5,2448,63.59689273664113
200,21882.7,2448,63.594567810820784
201,21884.3,2448,63.599217662461456
202,21658.5,2448,62.94300734967175
203,21905.4,2448,63.66053758097281
204,22002.2,2448,63.94185360523342
205,21999.8,2448,63.9348788277724
206,21917.1,2448,63.6945396210952
207,22043.3,2448,64.06129666925315
208,21918.0,2448,63.69715516264309
209,21917.7,2448,63.69628331546047
210,22060.7,2448,64.11186380584545
211,22139.9,2448,64.34203146205866
212,22157.3,2448,64.39259859865096
213,22134.9,2448,64.32750067568158
214,22053.2,2448,64.0900676262798
215,22061.6,2448,64.11447934739333
216,22012.1,2448,63.97062456226006
217,21902.6,2448,63.65240034060163
218,21897.8,2448,63.638450785679616
219,21996.4,2448,63.92499789303598
220,22035.6,2448,64.03891925823241
221,21949.3,2448,63.78811788536372
222,21924.6,2448,63.71633580066085
223,21952.3,2448,63.79683635718998
224,21919.3,2448,63.700933167101134
225,21868.1,2448,63.552137914599655
226,22128.9,2448,64.31006373202906
227,22082.8,2448,64.17608988163221
228,22008.8,2448,63.96103424325118
229,21936.2,2448,63.750047225055724
230,21934.3,2448,63.74452552623243
231,21877.5,2448,63.579455792988604
232,21800.1,2448,63.35451921987113
233,21815.9,2448,63.40043650482278
234,21956.3,2448,63.80846098629166
235,21899.0,2448,63.64193817441012
236,21979.5,2448,63.875883835081396
237,22102.6,2448,64.23363179568553
238,22022.7,2448,64.0014298293795
239,22071.1,2448,64.14208784150979
240,21967.8,2448,63.84188179495898
241,21901.8,2448,63.65007541478129
242,21883.7,2448,63.5974739680962
243,22071.3,2448,64.14266907296489
244,22016.5,2448,63.983411654271904
245,21955.7,2448,63.806717291926404
246,21934.8,2448,63.74597860487014
247,22031.8,2448,64.02787586058582
248,22023.8,2448,64.00462660238246
249,21991.5,2448,63.910757722386414
250,21998.5,2448,63.93110082331436
251,21935.8,2448,63.74888476214556
252,21941.1,2448,63.76428739570528
253,21940.7,2448,63.763124932795115
254,21916.3,2448,63.69221469527488
255,22061.8,2448,64.1150605788484
256,22003.5,2448,63.94563160969145
257,22030.0,2448,64.02264477749007
258,21991.0,2448,63.90930464374871
259,21956.2,2448,63.80817037056411
260,21931.5,2448,63.73638828586125
261,21876.2,2448,63.57567778853056
262,21930.5,2448,63.733482128585834
263,22061.1,2448,64.11302626875562
264,22023.9,2448,64.00491721811001
265,21976.5,2448,63.867165363255125
266,21956.2,2448,63.80817037056411
267,21937.7,2448,63.75440646096885
268,22359.5,2448,64.98022359974077
269,22177.9,2448,64.4524654385246
270,21839.5,2448,63.46902181652267
271,22063.6,2448,64.12029166194415
272,22020.7,2448,63.99561751482867
273,21979.0,2448,63.87443075644368
274,21960.0,2448,63.81921376821071
275,21925.7,2448,63.71953257366382
276,22026.6,2448,64.01276384275363
277,21871.6,2448,63.56230946506362
278,21889.7,2448,63.61491091174872
279,22039.7,2448,64.05083450306164
280,21937.0,2448,63.75237215087606
281,21896.6,2448,63.63496339694912
282,21990.9,2448,63.90901402802117
283,21967.0,2448,63.83955686913865
284,21915.1,2448,63.68872730654437
285,22055.5,2448,64.09675178801326
286,21877.9,2448,63.58061825589877
287,21965.1,2448,63.834035170315346
288,21977.9,2448,63.871233983440725
289,21954.3,2448,63.80264867174082
290,22006.7,2448,63.9549313129728
291,21979.3,2448,63.875302603626295
292,21938.8,2448,63.757603233971814
293,21882.3,2448,63.59340534791062
294,21804.2,2448,63.36643446470037
295,21739.1,2448,63.17724362607055
296,21825.9,2448,63.42949807757696
297,21972.5,2448,63.85554073415345
298,21895.1,2448,63.63060416103599
299,21894.2,2448,63.62798861948811
300,21833.6,2448,63.451875488597686
301,22115.0,2448,64.26966814590071
302,22042.0,2448,64.05751866479511
303,22020.3,2448,63.9944550519185
304,21950.8,2448,63.792477121276846
305,21894.2,2448,63.62798861948811
306,21878.5,2448,63.58236195026402
307,21926.0,2448,63.720404420846435
308,21877.5,2448,63.579455792988604
309,21887.0,2448,63.60706428710509
310,22044.1,2448,64.06362159507349
311,22067.7,2448,64.13220690677339
312,21991.3,2448,63.910176490931335
313,22072.6,2448,64.14644707742293
314,22078.8,2448,64.16446525253053
315,21849.7,2448,63.49866462073195
316,21844.2,2448,63.48268075571714
317,22045.8,2448,64.0685620624417
318,22267.6,2448,64.71314774612972
319,22067.2,2448,64.13075382813567
320,22004.8,2448,63.9494096141495
321,21964.5,2448,63.83229147595009
322,21919.1,2448,63.700351935646054
323,21881.3,2448,63.5904991906352
324,21996.6,2448,63.92557912449105
325,21947.4,2448,63.78259618654043
326,22007.9,2448,63.95841870170331
327,22038.0,2448,64.04589403569342
328,21931.3,2448,63.73580705440617
329,22081.1,2448,64.17114941426401
330,22015.8,2448,63.981377344179116
331,21946.7,2448,63.78056187644763
332,21998.2,2448,63.93022897613173
333,21909.7,2448,63.67303405725711
334,21870.6,2448,63.55940330778821
335,21871.5,2448,63.56201884933609
336,21914.9,2448,63.6881460750893
337,21977.7,2448,63.87065275198564
338,22003.6,2448,63.945922225419
339,21965.4,2448,63.83490701749798
340,21963.3,2448,63.828804087219595
341,21875.6,2448,63.57393409416531
342,21874.6,2448,63.57102793688988
343,21946.4,2448,63.779690029265005
344,21887.8,2448,63.60938921292543
345,21896.0,2448,63.633219702583865
346,21822.0,2448,63.41816406420283
347,21921.7,2448,63.707907944562145
348,22029.0,2448,64.01973862021465
349,22000.9,2448,63.93807560077536
350,21965.6,2448,63.83548824895305
351,22063.1,2448,64.11883858330646
352,22011.5,2448,63.96888086789482
353,21958.9,2448,63.81601699520775
354,21948.6,2448,63.78608357527093
355,21875.5,2448,63.573643478437766
356,21942.9,2448,63.76951847880105
357,22110.6,2448,64.25688105388886
358,21981.1,2448,63.880533686722046
359,21950.1,2448,63.79044281118406
360,21873.9,2448,63.5689936267971
361,21899.7,2448,63.64397248450292
362,21991.6,2448,63.91104833811395
363,21950.5,2448,63.79160527409423
364,21928.7,2448,63.72825104549008
365,21906.0,2448,63.66228127533806
366,22080.0,2448,64.16795264126102
367,21986.3,2448,63.89564570455424
368,21993.5,2448,63.91657003693726
369,21918.8,2448,63.699480088463424
370,21895.8,2448,63.63263847112877
371,21874.4,2448,63.570446705434804
372,21991.1,2448,63.909595259476255
373,22029.3,2448,64.02061046739728
374,21999.6,2448,63.93429759631731
375,22001.7,2448,63.940400526595695
376,22136.2,2448,64.33127868013962
377,22070.9,2448,64.14150661005473
378,22095.4,2448,64.2127074633025
379,22051.7,2448,64.08570839036668
380,22048.8,2448,64.07728053426796
381,22022.5,2448,64.00084859792442
382,21889.9,2448,63.61549214320381
383,21900.3,2448,63.645716178868156
384,21997.2,2448,63.92732281885631
385,21952.3,2448,63.79683635718998
386,21979.6,2448,63.87617445080892
387,21916.9,2448,63.69395838964014
388,21946.8,2448,63.78085249217517
389,21897.8,2448,63.638450785679616
390,22050.3,2448,64.08163977018108
391,21917.3,2448,63.695120852550296
392,21902.9,2448,63.65327218778427
393,22259.0,2448,64.68815479356111
394,22231.9,2448,64.60939793139725
395,22040.7,2448,64.05374066033706
396,22011.8,2448,63.96975271507743
397,21971.5,2448,63.85263457687803
398,21943.3,2448,63.770680941711205
399,21937.0,2448,63.75237215087606
400,21874.6,2448,63.57102793688988
401,22125.1,2448,64.29902033438246
402,21893.3,2448,63.62537307794023
403,22048.5,2448,64.07640868708533
404,21930.3,2448,63.732900897130754
405,21881.0,2448,63.58962734345257
406,22073.5,2448,64.14906261897082
407,22056.0,2448,64.09820486665097
408,21985.9,2448,63.894483241644075
409,22016.4,2448,63.98312103854436
410,21974.7,2448,63.86193428015938
411,21901.9,2448,63.65036603050884
412,21901.3,2448,63.64862233614359
413,22036.9,2448,64.04269726269047
414,22020.3,2448,63.9944550519185
415,21969.3,2448,63.84624103087211
416,21968.9,2448,63.84507856796194
417,21942.1,2448,63.7671935529807
418,22051.7,2448,64.08570839036668
419,21880.7,2448,63.58875549626995
420,22101.5,2448,64.23043502268256
421,22359.1,2448,64.9790611368306
422,22052.2,2448,64.08716146900439
423,22011.1,2448,63.96771840498464
424,22011.7,2448,63.96946209934989
425,22025.2,2448,64.00869522256806
426,21972.4,2448,63.85525011842591
427,21938.4,2448,63.75644077106165
428,21953.1,2448,63.799161283010314
429,21925.1,2448,63.71778887929856
430,22023.8,2448,64.00462660238246
431,22131.1,2448,64.31645727803497
432,22142.9,2448,64.35074993388493
433,21939.7,2448,63.760218775519704
434,21914.1,2448,63.685821149268946
435,21928.6,2448,63.72796042976254
436,21980.9,2448,63.87995245526698
437,21953.4,2448,63.80003313019295
438,21985.1,2448,63.892158315823735
439,21967.4,2448,63.84071933204881
440,22033.3,2448,64.03223509649895
441,21965.8,2448,63.836069480408135
442,21935.7,2448,63.748594146418014
443,21928.3,2448,63.72708858257991
444,22023.2,2448,64.00288290801721
445,22065.8,2448,64.12668520795009
446,22059.2,2448,64.10750456993232
447,22051.1,2448,64.08396469600142
448,21996.5,2448,63.925288508763515
449,21833.6,2448,63.451875488597686
450,21933.8,2448,63.74307244759471
451,21909.0,2448,63.670999747164316
452,21888.8,2448,63.61229537020085
453,22025.9,2448,64.01072953266085
454,22090.0,2448,64.19701421401524
455,22048.1,2448,64.07524622417515
456,22009.5,2448,63.96306855334397
457,21983.3,2448,63.88692723272798
458,22025.0,2448,64.00811399111296
459,21944.2,2448,63.77329648325909
460,21928.7,2448,63.72825104549008
461,21937.2,2448,63.75295338233114
462,21918.2,2448,63.697736394098186
463,21876.9,2448,63.577712098623365
464,21965.7,2448,63.835778864680606
465,21861.0,2448,63.53150419794419
466,21957.5,2448,63.81194837502216
467,21912.1,2448,63.680008834718116
468,21942.6,2448,63.76864663161841
469,22045.0,2448,64.06623713662137
470,22007.8,2448,63.95812808597576
471,21990.3,2448,63.90727033365591
472,21815.9,2448,63.40043650482278
473,21852.6,2448,63.507092476830664
474,21925.0,2448,63.71749826357103
475,21837.4,2448,63.462918886244296
476,21753.7,2448,63.219673522291686
477,22003.5,2448,63.94563160969145
478,21975.9,2448,63.86542166888989
479,21873.4,2448,63.567540548159386
480,21925.9,2448,63.72011380511891
481,22119.3,2448,64.28216462218502
482,22037.7,2448,64.0450221885108
483,21990.4,2448,63.90756094938346
484,22014.7,2448,63.97818057117615
485,21918.0,2448,63.69715516264309
486,21917.3,2448,63.695120852550296
487,22118.1,2448,64.27867723345452
488,22041.6,2448,64.05635620188494
489,22035.5,2448,64.03862864250488
490,22102.0,2448,64.23188810132027
491,22131.7,2448,64.31820097240023
492,22059.2,2448,64.10750456993232
493,21990.7,2448,63.90843279656608
494,21928.1,2448,63.726507351124816
495,21857.8,2448,63.522204494662844
496,22058.9,2448,64.1066327227497
497,22046.5,2448,64.0705963725345
498,21948.8,2448,63.78666480672601
499,21941.8,2448,63.76632170579808
500,21871.8,2448,63.562890696518714
501,21942.4,2448,63.76806540016334
502,22003.8,2448,63.94650345687407
503,21949.4,2448,63.78840850109126
504,22044.7,2448,64.06536528943874
505,22537.8,2448,65.49839144194806
506,22161.9,2448,64.4059669221179
507,21874.4,2448,63.570446705434804
508,21953.6,2448,63.800614361648016
509,21917.5,2448,63.69570208400538
510,21878.3,2448,63.58178071880894
511,22093.5,2448,64.2071857644792
512,22086.1,2448,64.18568020064109
513,22084.8,2448,64.18190219618305
514,22044.9,2448,64.06594652089383
515,22063.8,2448,64.12087289339925
516,22013.0,2448,63.973240103807946
517,22032.9,2448,64.03107263358878
518,22078.5,2448,64.1635934053479
519,22072.0,2448,64.14470338305769
520,22133.5,2448,64.32343205549599
521,22056.2,2448,64.09878609810606
522,22074.0,2448,64.15051569760853
523,22066.7,2448,64.12930074949796
524,22021.4,2448,63.99765182492146
525,21991.5,2448,63.910757722386414
526,21919.7,2448,63.702095630011314
527,21939.9,2448,63.76080000697478
528,22038.1,2448,64.04618465142097
529,22045.1,2448,64.06652775234889
530,22008.2,2448,63.95929054888593
531,21950.4,2448,63.79131465836669
532,21897.1,2448,63.63641647558682
533,21659.6,2448,62.9462041226747
534,21744.7,2448,63.19351810681291
535,22051.7,2448,64.08570839036668
536,21971.4,2448,63.852343961150495
537,21969.4,2448,63.84653164659965
538,21916.9,2448,63.69395838964014
539,21977.1,2448,63.86890905762038
540,21963.6,2448,63.82967593440222
541,21895.3,2448,63.63118539249107
542,21865.6,2448,63.54487252141111
543,21906.2,2448,63.662862506793154
544,21980.3,2448,63.87820876090172
545,22006.6,2448,63.95464069724525
546,21899.4,2448,63.64310063732029
547,22146.8,2448,64.36208394725905
548,22117.0,2448,64.27548046045156
549,22111.0,2448,64.25804351679905
550,22098.4,2448,64.22142593512876
551,22063.9,2448,64.12116350912679
552,21930.0,2448,63.732029049948125
553,21903.2,2448,63.65414403496689
554,21867.5,2448,63.55039422023441
555,22040.1,2448,64.05199696597181
556,22043.6,2448,64.06216851643576
557,22023.0,2448,64.00230167656213
558,21961.3,2448,63.82299177266874
559,21933.7,2448,63.742781831867184
560,21889.3,2448,63.61374844883856
561,21910.1,2448,63.67419652016728
562,22044.9,2448,64.06594652089383
563,22011.3,2448,63.968299636439724
564,22008.8,2448,63.96103424325118
565,21915.0,2448,63.688436690816836
566,22004.8,2448,63.9494096141495
567,21981.5,2448,63.881696149632226
568,21945.0,2448,63.77562140907941
569,21963.5,2448,63.829385318674674
570,21879.7,2448,63.58584933899453
571,21985.7,2448,63.89390201018899
572,21978.1,2448,63.87181521489579
573,22113.1,2448,64.26414644707742
574,21893.1,2448,63.62479184648514
575,21858.1,2448,63.52307634184547
576,21932.5,2448,63.73929444313667
577,22081.6,2448,64.1726024929017
578,22037.7,2448,64.0450221885108
579,22000.7,2448,63.93749436932029
580,21917.8,2448,63.696573931188006
581,21617.2,2448,62.822983054196925
582,21963.9,2448,63.830547781584855
583,21922.2,2448,63.709361023199854
584,21893.0,2448,63.62450123075761
585,22048.6,2448,64.07669930281286
586,21974.0,2448,63.85989997006658
587,21935.1,2448,63.746850452052755
588,21942.0,2448,63.76690293725316
589,21923.7,2448,63.71372025911298
590,21980.4,2448,63.87849937662927
591,21962.8,2448,63.82735100858187
592,21846.5,2448,63.4893649174506
593,21989.2,2448,63.904073560652954
594,21907.2,2448,63.665768664068565
595,21938.4,2448,63.75644077106165
596,22060.6,2448,64.1115731901179
597,21952.0,2448,63.79596451000736
598,21962.9,2448,63.82764162430942
599,22063.9,2448,64.12116350912679
600,21769.2,2448,63.264718960060684
601,22022.7,2448,64.0014298293795
602,22060.3,2448,64.11070134293527
603,22076.4,2448,64.15749047506954
604,21923.5,2448,63.713139027657895
605,21913.9,2448,63.68523991781388
606,21868.0,2448,63.55184729887212
607,21936.5,2448,63.750919072238354
608,21935.9,2448,63.7491753778731
609,21920.7,2448,63.705001787286726
610,21875.1,2448,63.5724810155276
611,22127.3,2448,64.30541388038837
612,22102.2,2448,64.23246933277535
613,22059.8,2448,64.10924826429756
614,22012.8,2448,63.97265887235285
615,21997.6,2448,63.92848528176647
616,21982.8,2448,63.88547415409027
617,21703.8,2448,63.07465627424824
618,21479.5,2448,62.42280519737168
619,21893.8,2448,63.62682615657794
620,21890.9,2448,63.618398300479235
621,22007.0,2448,63.95580316015542
622,21994.4,2448,63.91918557848515
623,21993.5,2448,63.91657003693726
624,21929.3,2448,63.72999473985532
625,21924.7,2448,63.7166264163884
626,21886.0,2448,63.60415812982967
627,21874.1,2448,63.56957485825218
628,21982.3,2448,63.88402107545256
629,21996.4,2448,63.92499789303598
630,21953.0,2448,63.79887066728277
631,21885.7,2448,63.60328628264705
632,21891.1,2448,63.6189795319343
633,21890.6,2448,63.6175264532966
634,21949.7,2448,63.78928034827389
635,22041.4,2448,64.05577497042985
636,21998.3,2448,63.93051959185927
637,21962.2,2448,63.82560731421663
638,21951.3,2448,63.793930199914556
639,21936.9,2448,63.75208153514852
640,21919.7,2448,63.702095630011314
641,21985.5,2448,63.893320778733894
642,22004.0,2448,63.94708468832916
643,21936.2,2448,63.750047225055724
644,21853.7,2448,63.510289249833626
645,22005.1,2448,63.950281461332125
646,21958.4,2448,63.81456391657004
647,21915.9,2448,63.69105223236471
648,21971.7,2448,63.853215808333125
649,21983.9,2448,63.888670927093244
650,21952.4,2448,63.79712697291752
651,21892.0,2448,63.62159507348219
652,21957.3,2448,63.811367143567075
653,21896.3,2448,63.63409154976649
654,22020.2,2448,63.99416443619096
655,21915.8,2448,63.69076161663717
656,21908.5,2448,63.66954666852661
657,21869.8,2448,63.55707838196787
658,21871.2,2448,63.56114700215347
659,21840.1,2448,63.470765510887915
660,21868.7,2448,63.553881608964915
661,21970.3,2448,63.84914718814752
662,21917.9,2448,63.696864546915556
663,21930.3,2448,63.732900897130754
664,22020.8,2448,63.9959081305562
665,21959.0,2448,63.81630761093529
666,21918.9,2448,63.69977070419097
667,21882.5,2448,63.593986579365705
668,21883.9,2448,63.59805519955129
669,21905.7,2448,63.66140942815543
670,21960.1,2448,63.81950438393824
671,21938.4,2448,63.75644077106165
672,21939.4,2448,63.759346928337074
673,21926.5,2448,63.72185749948416
674,21896.0,2448,63.633219702583865
675,21845.1,2448,63.485296297265016
676,21633.5,2448,62.87035341778627
677,21783.3,2448,63.3056957776441
678,21746.4,2448,63.19845857418112
679,21686.1,2448,63.023217290473326
680,21659.3,2448,62.94533227549208
681,21647.8,2448,62.91191146682476
682,21630.8,2448,62.86250679314263
683,21639.9,2448,62.88895282434895
684,21658.2,2448,62.94213550248912
685,21542.2,2448,62.60502125854047
686,21532.8,2448,62.57770338015152
687,21495.2,2448,62.46843186659576
688,21486.2,2448,62.44227645111698
689,21479.9,2448,62.42396766028184
690,21489.9,2448,62.45302923303604
691,21454.2,2448,62.34927941830356
692,21445.4,2448,62.32370523427988
693,21415.6,2448,62.23710174747236
694,21396.5,2448,62.18159414351186
695,21330.6,2448,61.99007837906171
696,21337.7,2448,62.0107120957172
697,21293.4,2448,61.881969328416126
698,21270.6,2448,61.815708942536546
699,21229.5,2448,61.69626587851682
700,21216.2,2448,61.65761398675374
701,21188.8,2448,61.577985277407244
702,21176.3,2448,61.54165831146449
703,21164.4,2448,61.507075039887006
704,21142.7,2448,61.44401142701041
705,21129.1,2448,61.40448768806469
706,21078.8,2448,61.258307977111095
707,21053.4,2448,61.18449158231545
708,21022.9,2448,61.09585378541516
709,20985.3,2448,60.98658227185939
710,20945.1,2448,60.869754749387525
711,20918.2,2448,60.791579118678754
712,20895.8,2448,60.72648119570934
713,20710.2,2448,60.1870984053915
714,20612.6,2448,59.90345745531056
715,20573.7,2448,59.790407937296756
716,20551.7,2448,59.72647247723752
717,20528.3,2448,59.6584683969927
718,20499.9,2448,59.5759335303708
719,20450.7,2448,59.43295059242016
720,20443.5,2448,59.41202626003714
721,20450.0,2448,59.43091628232737
722,20415.0,2448,59.32920077768769
723,20376.1,2448,59.216151259673865
724,20356.0,2448,59.157737498437946
725,20326.2,2448,59.07113401163044
726,20310.8,2448,59.02637918958898
727,20273.4,2448,58.917688907488305
728,20223.7,2448,58.77325289089995
729,20213.6,2448,58.743900702418216
730,20186.4,2448,58.664853224526816
731,20151.0,2448,58.56197525697696
732,20122.5,2448,58.4791497746275
733,20099.1,2448,58.41114569438269
734,20064.7,2448,58.31117388410827
735,20033.2,2448,58.219629929932545
736,19997.4,2448,58.11558949947254
737,19974.6,2448,58.04932911359297
738,19922.2,2448,57.89704647236099
739,19868.1,2448,57.73982336376079
740,19869.3,2448,57.743310752491304
741,19843.5,2448,57.66833189478548
742,19837.6,2448,57.6511855668605
743,19846.4,2448,57.67675975088421
744,19820.4,2448,57.6011996617233
745,19798.4,2448,57.537264201664065
746,19757.8,2448,57.419274216282034
747,19840.0,2448,57.658160344321516
748,19823.5,2448,57.61020874927709
749,19794.9,2448,57.52709265120011
750,19764.3,2448,57.43816423857226
751,19750.2,2448,57.39718742098885
752,19726.0,2448,57.3268584149237
753,19743.5,2448,57.37771616724354
754,19733.8,2448,57.34952644167197
755,19698.9,2448,57.24810155275984
756,19679.5,2448,57.1917221016167
757,19726.2,2448,57.32743964637879
758,19731.0,2448,57.34138920130081
759,19670.3,2448,57.164985454682835
760,19665.6,2448,57.15132651548836
761,19668.7,2448,57.160335603042164
762,19642.4,2448,57.083903666698646
763,19649.7,2448,57.10511861480919
764,19735.8,2448,57.3553387562228
765,19711.0,2448,57.28326605579241
766,19685.0,2448,57.2077059666315
767,19656.6,2448,57.12517110000958
768,19648.6,2448,57.101921841806224
769,19597.8,2448,56.954289052214925
770,19587.6,2448,56.924646248005644
771,19570.7,2448,56.87553219005107
772,19639.1,2448,57.07431334768975
773,19581.2,2448,56.906046841442965
774,19554.9,2448,56.82961490509943
775,19557.8,2448,56.83804276119815
776,19540.9,2448,56.78892870324356
777,19526.2,2448,56.7462081912949
778,19501.1,2448,56.67326364368186
779,19594.0,2448,56.94324565456834
780,19555.4,2448,56.83106798373715
781,19526.9,2448,56.74824250138769
782,19486.0,2448,56.62938066882303
783,11318.2,2448,32.89246927465221
784,0.44488,0,0.0
785,0.390675,0,0.0
786,0.352431,0,0.0
787,0.323878,0,0.0
788,0.306756,0,0.0
789,0.0,0,0.0
790,0.0,0,0.0
